{
  "experiment_name": "unnamed",
  "method_name": "nerfacto",
  "checkpoint": "/nerf-maahin/nerf-experiments/garden-75-uniform/logs/unnamed/nerfacto/2025_garden_75-uniform/nerfstudio_models/step-000069999.ckpt",
  "results": {
    "psnr": 23.15643310546875,
    "psnr_std": 1.5775243043899536,
    "ssim": 0.6701720952987671,
    "ssim_std": 0.035681962966918945,
    "lpips": 0.18426188826560974,
    "lpips_std": 0.013515589758753777,
    "num_rays_per_sec": 1684316.25,
    "num_rays_per_sec_std": 194621.109375,
    "fps": 1.5471746921539307,
    "fps_std": 0.17877453565597534
  }
}