{
    "transform": [
        [
            0.9999902844429016,
            0.004370034672319889,
            0.0005550874629989266,
            0.0018059923313558102
        ],
        [
            0.0005550874629989266,
            -0.25000765919685364,
            0.9682437181472778,
            -0.12153148651123047
        ],
        [
            0.004370034672319889,
            -0.9682340025901794,
            -0.25000765919685364,
            -0.1315305531024933
        ]
    ],
    "scale": 0.23847201573960425
}