{
    "transform": [
        [
            0.9985055923461914,
            0.05148482695221901,
            0.01832624524831772,
            -0.11936262995004654
        ],
        [
            0.01832624524831772,
            -0.6313788294792175,
            0.77525794506073,
            0.06431898474693298
        ],
        [
            0.05148482695221901,
            -0.7737635970115662,
            -0.6313788294792175,
            0.15628482401371002
        ]
    ],
    "scale": 0.2414000973588001
}