{
    "transform": [
        [
            0.9998282790184021,
            0.01852438971400261,
            -0.0005246237269602716,
            -0.0818142369389534
        ],
        [
            -0.0005246237269602716,
            0.056591153144836426,
            0.9983972907066345,
            -0.04761244356632233
        ],
        [
            0.01852438971400261,
            -0.9982255697250366,
            0.056591153144836426,
            0.000975942937657237
        ]
    ],
    "scale": 0.2096660333151876
}