{
    "transform": [
        [
            0.9997060298919678,
            0.023044047877192497,
            0.007538624573498964,
            -0.1270827353000641
        ],
        [
            0.007538624573498964,
            -0.5909405946731567,
            0.8066798448562622,
            0.05459686741232872
        ],
        [
            0.023044047877192497,
            -0.80638587474823,
            -0.5909405946731567,
            -0.001747671514749527
        ]
    ],
    "scale": 0.22704345136463577
}