{
    "transform": [
        [
            0.9999034404754639,
            -0.013285590335726738,
            -0.004070238210260868,
            0.4678841233253479
        ],
        [
            -0.004070238210260868,
            -0.5601269602775574,
            0.8283967971801758,
            0.07556432485580444
        ],
        [
            -0.013285590335726738,
            -0.8283002376556396,
            -0.5601269602775574,
            0.038022998720407486
        ]
    ],
    "scale": 0.23663549254810196
}