{
  "experiment_name": "unnamed",
  "method_name": "splatfacto",
  "checkpoint": "experiments/bonsai-100/logs/unnamed/splatfacto/bonsai_full_3dgs/nerfstudio_models/step-000069999.ckpt",
  "results": {
    "psnr": 33.107540130615234,
    "psnr_std": 3.11631441116333,
    "ssim": 0.9568494558334351,
    "ssim_std": 0.011417362838983536,
    "lpips": 0.047911375761032104,
    "lpips_std": 0.016073208302259445,
    "num_rays_per_sec": 66180772.0,
    "num_rays_per_sec_std": 13097537.0,
    "fps": 163.69183349609375,
    "fps_std": 32.395511627197266
  }
}