{
    "transform": [
        [
            0.9999672174453735,
            0.007847428321838379,
            0.0019829492084681988,
            -0.011713461019098759
        ],
        [
            0.0019829492084681988,
            -0.47503572702407837,
            0.879964292049408,
            0.00778628047555685
        ],
        [
            0.007847428321838379,
            -0.8799315094947815,
            -0.47503572702407837,
            0.034662164747714996
        ]
    ],
    "scale": 0.23419371229316202
}