{
  "experiment_name": "unnamed",
  "method_name": "nerfacto",
  "checkpoint": "/nerf-maahin/experiments/bicycle-24/logs/unnamed/nerfacto/2025_bicycle_24/nerfstudio_models/step-000069999.ckpt",
  "results": {
    "psnr": 12.67740249633789,
    "psnr_std": 0.08736873418092728,
    "ssim": 0.19337965548038483,
    "ssim_std": 0.002769279759377241,
    "lpips": 0.6327752470970154,
    "lpips_std": 0.020156729966402054,
    "num_rays_per_sec": 1482650.625,
    "num_rays_per_sec_std": 363195.84375,
    "fps": 1.4610908031463623,
    "fps_std": 0.3579145073890686
  }
}