{
    "transform": [
        [
            0.9999984502792358,
            -0.0016942110378295183,
            -0.0004235698434058577,
            -0.020111151039600372
        ],
        [
            -0.0004235698434058577,
            -0.4706045985221863,
            0.882344126701355,
            -0.006888562813401222
        ],
        [
            -0.0016942110378295183,
            -0.8823425769805908,
            -0.4706045985221863,
            0.047875091433525085
        ]
    ],
    "scale": 0.22847909104814731
}