{
    "transform": [
        [
            0.9973489046096802,
            -0.06918547302484512,
            -0.022551050409674644,
            0.07218670845031738
        ],
        [
            -0.022551050409674644,
            -0.5885114669799805,
            0.8081743121147156,
            -0.05962234362959862
        ],
        [
            -0.06918547302484512,
            -0.805523157119751,
            -0.5885114669799805,
            0.03423980623483658
        ]
    ],
    "scale": 0.22497418670002237
}