{
    "transform": [
        [
            0.9961351156234741,
            0.08266967535018921,
            0.029674962162971497,
            -0.024563103914260864
        ],
        [
            0.029674962162971497,
            -0.6347419619560242,
            0.7721541523933411,
            0.08640335500240326
        ],
        [
            0.08266967535018921,
            -0.7682892084121704,
            -0.6347419619560242,
            0.08489640057086945
        ]
    ],
    "scale": 0.22436456845902455
}