{
    "transform": [
        [
            0.9996746778488159,
            0.02467009611427784,
            0.006478285416960716,
            0.09893127530813217
        ],
        [
            0.006478285416960716,
            -0.4912339448928833,
            0.8710035681724548,
            -0.1180429607629776
        ],
        [
            0.02467009611427784,
            -0.8706782460212708,
            -0.4912339448928833,
            0.29023364186286926
        ]
    ],
    "scale": 0.22677569421908794
}