{
    "transform": [
        [
            0.9968814253807068,
            -0.07438097894191742,
            -0.02636159025132656,
            -0.9458374977111816
        ],
        [
            -0.02636159025132656,
            -0.6287450194358826,
            0.7771645784378052,
            0.18047404289245605
        ],
        [
            -0.07438097894191742,
            -0.7740459442138672,
            -0.6287450194358826,
            0.24528637528419495
        ]
    ],
    "scale": 0.2085415075414062
}