{
    "transform": [
        [
            0.999770998954773,
            0.0208121370524168,
            0.004979026038199663,
            0.05786775052547455
        ],
        [
            0.004979026038199663,
            -0.452519029378891,
            0.8917408585548401,
            0.16155971586704254
        ],
        [
            0.0208121370524168,
            -0.891511857509613,
            -0.452519029378891,
            0.21271440386772156
        ]
    ],
    "scale": 0.2457817843308065
}