{
    "transform": [
        [
            0.9975491166114807,
            -0.06544492393732071,
            -0.02475418522953987,
            0.11734268069267273
        ],
        [
            -0.02475418522953987,
            -0.6609943509101868,
            0.749982476234436,
            -0.041930753737688065
        ],
        [
            -0.06544492393732071,
            -0.7475315928459167,
            -0.6609943509101868,
            0.014533227309584618
        ]
    ],
    "scale": 0.22718438419348944
}