{
  "experiment_name": "unnamed",
  "method_name": "nerfacto",
  "checkpoint": "/nerf-maahin/experiments/bonsai-24/logs/unnamed/nerfacto/2025_bonsai_24/nerfstudio_models/step-000069999.ckpt",
  "results": {
    "psnr": 14.389009475708008,
    "psnr_std": 0.972231388092041,
    "ssim": 0.3215704560279846,
    "ssim_std": 0.11705829948186874,
    "lpips": 0.6189525723457336,
    "lpips_std": 0.047376345843076706,
    "num_rays_per_sec": 1271190.0,
    "num_rays_per_sec_std": 645781.375,
    "fps": 3.144167423248291,
    "fps_std": 1.5972787141799927
  }
}