{
    "transform": [
        [
            0.9967910051345825,
            0.07526795566082001,
            0.02724803239107132,
            -0.07575170695781708
        ],
        [
            0.02724803239107132,
            -0.6391080617904663,
            0.7686341404914856,
            -0.0011836582561954856
        ],
        [
            0.07526795566082001,
            -0.7654250860214233,
            -0.6391080617904663,
            0.08081519603729248
        ]
    ],
    "scale": 0.22111831576780908
}