{
    "transform": [
        [
            0.9998665452003479,
            -0.016226300969719887,
            -0.001903972472064197,
            -0.050041213631629944
        ],
        [
            -0.001903972472064197,
            -0.23147466778755188,
            0.9728390574455261,
            -0.04552182927727699
        ],
        [
            -0.016226300969719887,
            -0.972705602645874,
            -0.23147466778755188,
            0.023043567314743996
        ]
    ],
    "scale": 0.22982328998714857
}